brand,category,keyword
mamypoko,diaper,speedy absorption
mamypoko,diaper,12 hours dry
mamypoko,diaper,made in Japan
mamypoko,diaper,Japanese quality
mamypoko,diaper,wetness indicator
mamypoko,diaper,anti-leak guard
mamypoko,diaper,soft
mamypoko,diaper,air fit
mamypoko,diaper,airfit
mamypoko,diaper,size up
mamypoko,diaper,sizing up
mamypoko,diaper,cut small
mamypoko,diaper,cut big
mamypoko,diaper,XXL mamypoko
mamypoko,diaper,mamypoko promo
mamypoko,diaper,bulk buy mamypoko
mamypoko,diaper,mamypoko shopee
mamypoko,diaper,mamypoko lazada
mamypoko,diaper,mamypoko ntuc
mamypoko,diaper,fairprice mamypokom
mamypoko,diaper,good for overnight
mamypoko,diaper,heavy wetter
mamypoko,diaper,night time diaper leak
mamypoko,diaper,diaper rash
mamypoko,diaper,blowout
mamypoko,diaper,mamypoko vs huggies
mamypoko,diaper,mamypoko vs pampers
mamypoko,diaper,mooni
huggies,diaper,snug fit waistband
huggies,diaper,12 hours protection
huggies,diaper,soft
huggies,diaper,naturemade
huggies,diaper,platinum pants
huggies,diaper,gold pants
huggies,diaper,size up huggies
huggies,diaper,tight waistband huggies
huggies,diaper,huggies nb sizing
huggies,diaper,huggies vs drypers fit
huggies,diaper,huggies bundle
huggies,diaper,huggies discount NTUC
huggies,diaper,huggies subscription
huggies,diaper,newborn pee leak huggies
huggies,diaper,drynites vs drypants
huggies,diaper,leak
huggies,diaper,diaper rash
huggies,diaper,diaper leak
pampers,diaper,premium care
pampers,diaper,baby dry pants
pampers,diaper,wetness indicator
pampers,diaper,magic gel
pampers,diaper,air channels
pampers,diaper,silky soft
pampers,diaper,hospital brand
pampers,diaper,pampers nb fit
pampers,diaper,pampers size chart
pampers,diaper,size up to M or L
pampers,diaper,pampers bundle promo
pampers,diaper,pampers japan vs local
pampers,diaper,pampers vs mamypoko
pampers,diaper,pampers vs huggies
pampers,diaper,overnight dryness
pampers,diaper,diaper rash
pampers,diaper,diaper leak
pampers,diaper,pampers blowout
pampers,diaper,overnight
drypers,diaper,wee wee dry
drypers,diaper,drypers touch
drypers,diaper,flexi tape
drypers,diaper,breathable
drypers,diaper,absorb core
drypers,diaper,aloe vera layer
drypers,diaper,drypers small cutting
drypers,diaper,drypers L tight
drypers,diaper,sizing inconsistent
drypers,diaper,drypers NTUC promo
drypers,diaper,poop leak drypers
drypers,diaper,diaper rash
drypers,diaper,diaper leak
drypers,diaper,smell
drypers,diaper,drypers vs rascal
drypers,diaper,drypers vs huggies
drypers,diaper,overnight
merries,diaper,ultra soft inner sheet
merries,diaper,airy channels
merries,diaper,super gentle
merries,diaper,made in japan
merries,diaper,fluff pulp
merries,diaper,smile smile design
merries,diaper,merries NB small
merries,diaper,merries japan vs local
merries,diaper,merries diaper bundle
merries,diaper,diaper rash
merries,diaper,diaper leak
merries,diaper,blowout
merries,diaper,merries vs pampers
merries,diaper,merries vs mamypoko
merries,diaper,overnight
offspring,diaper,plant-based
offspring,diaper,biodegradable diaper
offspring,diaper,chlorine free
offspring,diaper,non-toxic ink
offspring,diaper,ewg safe
offspring,diaper,cruelty free
offspring,diaper,compostable
offspring,diaper,offspring diaper sizing
offspring,diaper,offspring pants vs tape
offspring,diaper,offspring subscription plan
offspring,diaper,eco diaper
offspring,diaper,diaper rash
offspring,diaper,diaper leak
offspring,diaper,blowout
offspring,diaper,leak free
offspring,diaper,offspring vs applecrumby
offspring,diaper,overnight
rascal & friends,diaper,dermatologically tested
rascal & friends,diaper,super stretch
rascal & friends,diaper,triple leak guards
rascal & friends,diaper,cute
rascal & friends,diaper,NZ brand diapers
rascal & friends,diaper,rnf fit small
rascal & friends,diaper,xxl too tight
rascal & friends,diaper,rnf fairprice
rascal & friends,diaper,diaper rash
rascal & friends,diaper,diaper leak
rascal & friends,diaper,blowout
rascal & friends,diaper,toddler diaper
rascal & friends,diaper,overnight
applecrumby,diaper,chlorine free
applecrumby,diaper,organic diaper
applecrumby,diaper,made in korea
applecrumby,diaper,premium
applecrumby,diaper,baby safe ink
applecrumby,diaper,applecrumby tape cut small
applecrumby,diaper,sizing up guide
applecrumby,diaper,malaysia price vs sg
applecrumby,diaper,organic diaper vs cloth
applecrumby,diaper,diaper rash
applecrumby,diaper,diaper leak
applecrumby,diaper,blowout
applecrumby,diaper,overnight
applecrumby,diaper,applecrumby vs heytiger
hey tiger,diaper,made in korea
hey tiger,diaper,360 waistband
hey tiger,diaper,cute
hey tiger,diaper,chemical-free
hey tiger,diaper,heytiger NB vs S
hey tiger,diaper,fitting guide
hey tiger,diaper,bundle subscription
hey tiger,diaper,night use
hey tiger,diaper,overnight
hey tiger,diaper,stylish
hey tiger,diaper,eczema
hey tiger,diaper,diaper rash
hey tiger,diaper,diaper leak
hey tiger,diaper,blowout
nino nana,diaper,organic cotton diaper
nino nana,diaper,chemical-free
nino nana,diaper,inner layer
nino nana,diaper,breathable & absorbent
nino nana,diaper,made in Korea
nino nana,diaper,SGS tested
nino nana,diaper,dermatologist tested
nino nana,diaper,Korean premium brand
nino nana,diaper,no chlorine
nino nana,diaper,no fragrance
nino nana,diaper,nino nana size guide
nino nana,diaper,size up
nino nana,diaper,sensitive skin
nino nana,diaper,overnight use
nino nana,diaper,diaper rash
nino nana,diaper,diaper leak
nino nana,diaper,blowout
nino nana,diaper,ninonana vs applecrumby
nino nana,diaper,ninonana vs offspring
nino nana,diaper,ninonana vs heytiger
homie,diaper,budget friendly
homie,diaper,high absorption
homie,diaper,ultra breathable
homie,diaper,local Singapore brand
homie,diaper,homie size guide
homie,diaper,homie XXL suitable
homie,diaper,Shopee homie store
homie,diaper,trial pack homie
homie,diaper,homie vs drypers price
homie,diaper,homie leak issues
homie,diaper,rash free
homie,diaper,best cheap diaper SG
nan,formula milk,Optipro protein
nan,formula milk,HMO
nan,formula milk,Probiotic BL
nan,formula milk,Swiss made
nan,formula milk,gentle on tummy
nan,formula milk,NAN Stage 1/2/3/4
nan,formula milk,NAN HA vs Optipro
nan,formula milk,switch from breastfeeding to NAN
nan,formula milk,NAN milk fairprice
nan,formula milk,NAN milk shopee
nan,formula milk,NAN promo
nan,formula milk,bulk can 800g vs 1.8kg
nan,formula milk,NAN constipation
nan,formula milk,spit up
nan,formula milk,reflux
nan,formula milk,weight gain
nan,formula milk,NAN vs Enfa
nan,formula milk,NAN vs Friso
nan,formula milk,diarrhea
nan,formula milk,heaty
nan,formula milk,not suitable
nan,formula milk,suitable
nan,formula milk,expensive
nan,formula milk,brain development
nan,formula milk,gut health
lactogen,formula milk,DHA
lactogen,formula milk,Probiotic
lactogen,formula milk,iron-enriched
lactogen,formula milk,gentle digestion
lactogen,formula milk,Lactogen Stage 1 to 4
lactogen,formula milk,switch from NAN to Lactogen
lactogen,formula milk,lactogen vs friso taste
lactogen,formula milk,NTUC vs Shopee
lactogen,formula milk,cheapest stage 3 lactogen
lactogen,formula milk,constipation
lactogen,formula milk,gas
lactogen,formula milk,gain weight
lactogen,formula milk,halal milk
lactogen,formula milk,value for money
lactogen,formula milk,cheap
lactogen,formula milk,affordable
lactogen,formula milk,diarrhea
lactogen,formula milk,constipation
lactogen,formula milk,heaty
lactogen,formula milk,suitable
lactogen,formula milk,not suitable
friso,formula milk,LocNutri tech
friso,formula milk,Dutch milk
friso,formula milk,no added sucrose
friso,formula milk,gentle digestion
friso,formula milk,Friso Gold
friso,formula milk,friso prestige vs gold
friso,formula milk,Friso promo NTUC
friso,formula milk,bulk tin friso
friso,formula milk,Friso vs NAN / Aptamil
friso,formula milk,poop hard / soft
friso,formula milk,colic
friso,formula milk,gassy baby
friso,formula milk,diarrhea
friso,formula milk,constipation
friso,formula milk,expensive
friso,formula milk,heaty
friso,formula milk,smell
friso,formula milk,suitable
friso,formula milk,not suitable
enfamil,formula milk,MFGM Pro
enfamil,formula milk,DHA + choline
enfamil,formula milk,Brain Plus
enfamil,formula milk,NeuroPro
enfamil,formula milk,Enfamil stage
enfamil,formula milk,Enfagrow vs Enfamil
enfamil,formula milk,Enfa AR for reflux
enfamil,formula milk,Enfa Gold promo
enfamil,formula milk,1.8kg tin deal
enfamil,formula milk,Enfamil Shopee sale
enfamil,formula milk,weight gain
enfamil,formula milk,constipation
enfamil,formula milk,Enfa vs Aptamil
enfamil,formula milk,Enfa vs NAN
enfamil,formula milk,c-section
enfamil,formula milk,diarrhea
enfamil,formula milk,constipation
enfamil,formula milk,heaty
enfamil,formula milk,expensive
enfamil,formula milk,suitable
enfamil,formula milk,not suitable
enfamil,formula milk,gassy
aptamil,formula milk,probiotics
aptamil,formula milk,prebiotics
aptamil,formula milk,HMO + prebiotics
aptamil,formula milk,UK version
aptamil,formula milk,NZ version
aptamil,formula milk,immune support
aptamil,formula milk,A2 protein
aptamil,formula milk,Aptamil Profutura
aptamil,formula milk,Gold+
aptamil,formula milk,UK vs SG formula
aptamil,formula milk,Aptamil vs Friso vs NAN
aptamil,formula milk,aptamil
aptamil,formula milk,c-section
aptamil,formula milk,c section
aptamil,formula milk,caesarian
aptamil,formula milk,dha
aptamil,formula milk,stage 
aptamil,formula milk,gold+
aptamil,formula milk,diarrhea
aptamil,formula milk,constipation
aptamil,formula milk,heaty
aptamil,formula milk,expensive
aptamil,formula milk,suitable
aptamil,formula milk,not suitable
aptamil,formula milk,gassy
aptamil,formula milk,vitamins
aptamil,formula milk,zinc
aptamil,formula milk,iron
aptamil,formula milk,no added sucrose
aptamil,formula milk,B.breve M-16V
aptamil,formula milk,immunity
aptamil,formula milk,digestion
aptamil,formula milk,brain development
aptamil,formula milk,gut health
aptamil,formula milk,new zealand
s26,formula milk,nutri learn system
s26,formula milk,DHA + AA
s26,formula milk,choline
s26,formula milk,Omega 3 & 6
s26,formula milk,zinc & iron
s26,formula milk,protein balance
s26,formula milk,new improved formula
s26,formula milk,lactose-free option
s26,formula milk,made in Singapore
s26,formula milk,easy to digest
s26,formula milk,S26 Stage 1/2/3/4
s26,formula milk,S26 Gold Progress
s26,formula milk,S26 Promise Gold
s26,formula milk,S26 LF
s26,formula milk,S26 AR
s26,formula milk,switch 
s26,formula milk,S26 toddler milk 3 years
s26,formula milk,s26 big tin vs small tin
s26,formula milk,1.8kg s26 singapore
s26,formula milk,s26 constipation
s26,formula milk,baby spit up s26
s26,formula milk,gas issue
s26,formula milk,s26 vs NAN
s26,formula milk,s26 vs Enfa
s26,formula milk,baby reject s26
s26,formula milk,s26 and weight gain
s26,formula milk,s26 poop color change
s26,formula milk,transition from breastmilk to s26
s26,formula milk,constipation
s26,formula milk,diarrhea
s26,formula milk,heaty
s26,formula milk,suitable
s26,formula milk,not suitable
s26,formula milk,brain development
dumex dugro,formula milk,DHA
dumex dugro,formula milk,Iron
dumex dugro,formula milk,Calcium
dumex dugro,formula milk,Malaysia formula
dumex dugro,formula milk,value option
dumex dugro,formula milk,Dugro 1 to 6+
dumex dugro,formula milk,dumex gold vs dugro
dumex dugro,formula milk,cheap formula milk
dumex dugro,formula milk,dumex warehouse sale
dumex dugro,formula milk,dumex weight gain
dumex dugro,formula milk,lactose intolerant baby
dumex dugro,formula milk,affordable
bellamy's organic,formula milk,Australian made
bellamy's organic,formula milk,certified organic
bellamy's organic,formula milk,A2 protein
bellamy's organic,formula milk,organic cow milk
bellamy's organic,formula milk,Bellamy’s Stage 
bellamy's organic,formula milk,Bellamy’s vs Aptamil organic
bellamy's organic,formula milk,Qoo10 / Redmart
bellamy's organic,formula milk,bundle pack
bellamy's organic,formula milk,sensitive tummy
bellamy's organic,formula milk,eczema baby
karihome,formula milk,Goat milk
karihome,formula milk,easier digestion
karihome,formula milk,New Zealand
karihome,formula milk,Karihome step 
karihome,formula milk,Karihome for cow milk allergy
karihome,formula milk,eczema-friendly formula
karihome,formula milk,soft poop
karihome,formula milk,gassy baby
mount alvernia,hospital,mt a delivery cost
mount alvernia,hospital,mt a vs tmc c-sect
mount alvernia,hospital,mount a natural birth pricing
mount alvernia,hospital,mt a single bed room price
mount alvernia,hospital,mt a 2 bed room price
mount alvernia,hospital,mt a room tour
mount alvernia,hospital,PD on-site
mount alvernia,hospital,epidural review
mount alvernia,hospital,birth story
mount alvernia,hospital,delivery experience
mount alvernia,hospital,confinement food mt a
mount alvernia,hospital,public vs private maternity
thomson medical centre,hospital,tmc delivery promo
thomson medical centre,hospital,single room cost
thomson medical centre,hospital,deluxe room cost
thomson medical centre,hospital,elective c-sect vs natural
thomson medical centre,hospital,parentcraft / baby massage
thomson medical centre,hospital,breastfeeding support
thomson medical centre,hospital,popular gynae tmc
thomson medical centre,hospital,birth story
thomson medical centre,hospital,tmc vs raffles or kkh
thomson medical centre,hospital,food review
thomson medical centre,hospital,public vs private birth
mount elizabeth,hospital,mt e novena vs orchard
mount elizabeth,hospital,delivery suite cost
mount elizabeth,hospital,mt e vs gleneagles
mount elizabeth,hospital,private suite tour
mount elizabeth,hospital,epidural cost mt eliz
mount elizabeth,hospital,gynae recommendation
mount elizabeth,hospital,mt e birth review
mount elizabeth,hospital,expensive
mount elizabeth,hospital,mt e for first-time mum
gleneagles,hospital,gleneagles delivery price 2025
gleneagles,hospital,gleneagles vs mt e
gleneagles,hospital,natural birth
gleneagles,hospital,c-section experience
gleneagles,hospital,private room GEH tour
gleneagles,hospital,gleneagles hospital review
gleneagles,hospital,confinement food
gleneagles,hospital,VIP delivery
gleneagles,hospital,public vs private
raffles hospital,hospital,raffles delivery cost
raffles hospital,hospital,raffles vs kkh
raffles hospital,hospital,raffles vs mt a
raffles hospital,hospital,natural vs c-sect charges
raffles hospital,hospital,PD list
raffles hospital,hospital,confinement food quality
raffles hospital,hospital,raffles birth review
raffles hospital,hospital,raffles vs nuh differences
raffles hospital,hospital,public hospital comparison
national university hospital,hospital,NUH private vs subsidised
national university hospital,hospital,delivery ward price
national university hospital,hospital,gynae package 2025
national university hospital,hospital,birth experience
national university hospital,hospital,breastfeeding support
national university hospital,hospital,high risk pregnancy
national university hospital,hospital,NUH vs KKH
national university hospital,hospital,public experience
national university hospital,hospital,nurse quality
kk women's and children's hospital,hospital,private patient vs subsidised
kk women's and children's hospital,hospital,delivery room pricing
kk women's and children's hospital,hospital,kkh ambulance delivery
kk women's and children's hospital,hospital,natural birth experience
kk women's and children's hospital,hospital,epidural feedback
kk women's and children's hospital,hospital,NICU for preemie
kk women's and children's hospital,hospital,first-time mum kkh
kk women's and children's hospital,hospital,public hospital review
parkway east hospital,hospital,parkway east delivery cost
parkway east hospital,hospital,private gynae parkway
parkway east hospital,hospital,parkway east vs tmc
parkway east hospital,hospital,maternity package parkway east
parkway east hospital,hospital,c-sect experience parkway
parkway east hospital,hospital,natural birth parkway
parkway east hospital,hospital,room tour parkway east
parkway east hospital,hospital,confinement food parkway
parkway east hospital,hospital,parkway east vs raffles
singapore general hospital,hospital,sgh delivery cost
singapore general hospital,hospital,sgh maternity package
singapore general hospital,hospital,natural birth sgh
singapore general hospital,hospital,c-section at sgh
singapore general hospital,hospital,public vs private delivery sgh
singapore general hospital,hospital,sgh vs kkh
singapore general hospital,hospital,sgh hospital ward
singapore general hospital,hospital,sgh obstetrics
singapore general hospital,hospital,sgh nurses maternity
sengkang general hospital,hospital,skh maternity delivery
sengkang general hospital,hospital,birth package SKH
sengkang general hospital,hospital,natural delivery skh
sengkang general hospital,hospital,SKH vs NUH
sengkang general hospital,hospital,gynae skh
sengkang general hospital,hospital,SKH review mothers
sengkang general hospital,hospital,public delivery SKH
sengkang general hospital,hospital,skh birth experience
changi general hospital,hospital,CGH maternity ward
changi general hospital,hospital,CGH birth package
changi general hospital,hospital,cgh vs sgh
changi general hospital,hospital,changi hospital delivery
changi general hospital,hospital,CGH nurses feedback
changi general hospital,hospital,CGH vs KKH
changi general hospital,hospital,natural birth CGH
gerber,weaning,puffs
gerber,weaning,yogurt melts
gerber,weaning,baby cereal
gerber,weaning,oatmeal
gerber,weaning,pouches
gerber,weaning,stage 1/2 puree
gerber,weaning,jars
gerber,weaning,organic vs regular
gerber,weaning,added sugar
gerber,weaning,organic
gerber,weaning,low sugar baby snacks
gerber,weaning,iron-rich cereal
gerber,weaning,constipation
gerber,weaning,baby poop after gerber
gerber,weaning,first food
gerber,weaning,weaning support
gerber,weaning,picky eater
gerber,weaning,allergic reaction
gerber,weaning,gerber vs little blossom
little blossom,weaning,rice puffs
little blossom,weaning,veggie puffs
little blossom,weaning,brown rice cereal
little blossom,weaning,multigrain porridge
little blossom,weaning,no sugar
little blossom,weaning,no salt
little blossom,weaning,halal baby cereal
little blossom,weaning,local baby food SG
little blossom,weaning,LB vs gerber
little blossom,weaning,first solids 6 months
rafferty’s garden,weaning,baby puree pouch
rafferty’s garden,weaning,pasta/risotto baby meals
rafferty’s garden,weaning,natural ingredients
rafferty’s garden,weaning,sugar level in rafferty's
rafferty’s garden,weaning,picky eater
rafferty’s garden,weaning,australian baby food
heinz baby,weaning,fruit custards
heinz baby,weaning,rice cereal
heinz baby,weaning,baby biscuits
heinz baby,weaning,heinz pouch sugar
heinz baby,weaning,stage 1 vs stage 2
heinz baby,weaning,constipation
heinz baby,weaning,heinz vs rafferty’s
ella’s kitchen,weaning,100% organic puree
ella’s kitchen,weaning,smoothie fruits
ella’s kitchen,weaning,baby brekkie blends
ella’s kitchen,weaning,no additives
ella’s kitchen,weaning,no preservatives
ella’s kitchen,weaning,sugar in ella's
ella’s kitchen,weaning,BPA free
ella’s kitchen,weaning,ella’s vs rafferty's
bellamy’s organic,weaning,rice cereal
bellamy’s organic,weaning,milk rusks
bellamy’s organic,weaning,vegetable macaroni
bellamy’s organic,weaning,organic baby food
bellamy’s organic,weaning,halal
bellamy’s organic,weaning,constipation from bellamy cereal
holle,weaning,goat milk porridge
holle,weaning,apple & semolina cereal
holle,weaning,fruit bars
holle,weaning,european baby food
holle,weaning,biodynamic farm source
holle,weaning,low sugar food
only organic,weaning,meals in pouches
only organic,weaning,chicken risotto
only organic,weaning,beef ragu
only organic,weaning,creamy veggie blends
only organic,weaning,NZ baby food
only organic,weaning,BLW meals
only organic,weaning,sugar-free
happy baby organics,weaning,organic stage 1 pouches
happy baby organics,weaning,teething wafers
happy baby organics,weaning,grain-based puffs
happy baby organics,weaning,iron & choline
happy baby organics,weaning,weaning from 6 months
happy baby organics,weaning,happy baby vs gerber
